cell,batch,policy,cycle_life,paper_noisy,excluded,censored,newstruct,policy_base,label,QD2,IR2,C1,switch_soc,C2,Cavg,w5_dQ_logvar,w5_dQ_logmin,w5_dQ_mean,w5_dQ_skew,w5_dQ_kurt,w100_dQ_logvar,w100_dQ_logmin,w100_dQ_mean,w100_dQ_skew,w100_dQ_kurt,w5_fade_slope,w5_chargetime,w5_Tavg,w5_Tmax,w5_IR_min,w5_IR_delta,w5_QDmax_m_QD2,w100_fade_slope,w100_chargetime,w100_Tavg,w100_Tmax,w100_IR_min,w100_IR_delta,w100_QDmax_m_QD2,log_life
B1c0,B1,3.6C(80%)-3.6C,1190,False,False,True,False,3.6C(80%)-3.6C,1,1.0719005,0.016724309,3.6,80.0,3.6,3.6,-6.122064710881911,-4.401376911746848,0.0005898648613468078,3.821785733184388,14.920548104500472,-5.05152650567645,-2.050261434472745,-0.002794394744541485,-0.7267026025752379,-0.9099969335087681,0.0005691299999998602,13.34144166666665,31.93189759871199,35.728691,0.016623382,-0.00010092700000000066,0.0016755999999999993,-0.00021581588620902972,13.358123333333303,31.6033010731388,35.994705,0.016443744,-7.439600000000088e-05,0.4671539,3.0755469613925306
B1c1,B1,3.6C(80%)-3.6C,1179,False,False,True,False,3.6C(80%)-3.6C,1,1.0766124,0.017009802,3.6,80.0,3.6,3.6,-5.8941683208669335,-3.280600287616617,0.0006891377249884176,4.215472176124092,18.253540091779982,-5.135776157670656,-2.045149878424103,-0.0037322737896168076,-0.3169564817656039,-1.0385468962864224,0.0006647099999999897,13.426056666666652,31.73603904661228,34.707664,0.016859178,-0.00015062400000000198,0.0019316000000000333,1.4966864564038145e-06,13.341604999999982,31.3291017067691,34.712265,0.016764179,-4.869000000001095e-06,0.007977100000000181,3.071513805095089
B1c2,B1,3.6C(80%)-3.6C,1177,False,False,True,False,3.6C(80%)-3.6C,1,1.0813154,0.016831938,3.6,80.0,3.6,3.6,-5.794339193063162,-2.872271523233882,0.00042186868069766164,4.21735428277065,18.719147480610303,-4.951882733169134,-1.986994080593585,-0.0041384477537404225,-0.43748325865268534,-1.173738988697314,0.00056418999999992,13.34142166666667,31.91457674566478,35.098438,0.016664039,-0.0001678990000000026,0.0017148999999998527,6.6673852813785155e-06,13.341564166666892,31.478409833162885,35.127342,0.016613184,2.6605999999998464e-05,0.006738099999999969,3.0707764628434346
B1c3,B1,4C(80%)-4C,1226,False,False,True,False,4C(80%)-4C,1,1.0812283,0.016315572,4.0,80.0,4.0,4.0,-5.74863449635794,-2.499169486854778,0.0006948502346738905,1.5633697378048808,2.913386455791091,-4.386347705983305,-1.7033213351118928,-0.007856911806057439,-0.4763294264106879,-1.1242193497929414,0.0006388100000000546,12.008374999999978,30.312477994832875,31.18433,0.016291786,-2.3786000000001334e-05,0.0018837000000000437,1.3733987631413542e-05,12.092219166666595,29.940748316770595,31.691414,0.016098134,9.831800000000002e-05,0.005024699999999882,3.0884904701823963
B1c4,B1,4C(80%)-4C,1227,False,False,True,False,4C(80%)-4C,1,1.0790124,0.016740341,4.0,80.0,4.0,4.0,-6.172431682787359,-2.769062463483186,0.0005522259646984708,1.2651132938653433,1.579780008121035,-4.604779244757431,-1.8373966800088448,-0.0062691661639811816,-0.34918471190495554,-1.361163641918983,0.0005900899999999457,12.008310000000014,31.67824879861257,34.632095,0.016683817,-5.652399999999877e-05,0.0017401999999999695,1.6106920222630435e-05,12.092205833333356,31.448375987482795,35.651741,0.016368635,1.0919000000001594e-05,0.00530419999999987,3.088844562727004
B1c5,B1,4.4C(80%)-4.4C,1074,False,False,False,False,4.4C(80%)-4.4C,1,1.0766531,0.016396422,4.4,80.0,4.4,4.4,-6.912892918006943,-2.983186881444863,0.0002668223762052877,-0.12761937676104704,3.220940831308708,-4.155832104301828,-1.5836357259876548,-0.011535037981958816,-0.14129639445225983,-1.1923633339072701,0.0008257099999999987,11.001371666666698,31.004535312042275,33.064407,0.016286843,-0.00010957900000000201,0.0024445000000001826,8.249177489179643e-06,10.917429166666988,30.92047274423539,34.654667,0.015922785,-8.326800000000092e-05,0.00541730000000018,3.0310042813635367
B1c6,B1,4.8C(80%)-4.8C,636,False,False,False,False,4.8C(80%)-4.8C,1,1.0772603,0.016977131,4.8,80.0,4.8,4.8,-6.190970893631698,-2.903820177203282,0.0003132338757703852,2.674087184470269,9.745768459953483,-3.771282900446616,-1.4142291992982903,-0.016165914113184195,-0.39345568763987226,-1.2100197715704937,0.0008670900000000313,10.092771666666643,32.54248259824216,36.0327,0.016835043,-0.00014208799999999855,0.002631300000000003,-8.99947186147653e-06,10.008326666666592,32.273740873968976,36.496124,0.016541764,-0.0003092620000000011,0.0048786999999999026,2.803457115648414
B1c7,B1,4.8C(80%)-4.8C,870,False,False,False,False,4.8C(80%)-4.8C,1,1.0951102,0.016267659,4.8,80.0,4.8,4.8,-6.66171076058532,-2.9437491956376274,0.0001633832050246276,1.732236559578551,6.329340625282454,-3.8218343867297078,-1.4288569192482274,-0.016420405618524876,-0.3087005454831751,-1.1124070144676745,0.0006072000000000729,10.008109999999942,32.16987406198514,35.453625,0.016186342,-8.131700000000089e-05,0.0018511000000001054,-9.028827458256703e-06,10.00898750000027,31.9898271187597,36.053928,0.016083084,6.202999999999764e-06,0.0028584000000000387,2.9395192526186187
B1c8,B1,5.4C(40%)-3.6C,879,False,False,True,False,5.4C(40%)-3.6C,1,1.0912893,0.016761683,5.4,40.0,3.6,4.32,-5.455341026544197,-4.749002543875323,0.0013255288756887518,2.443979684128219,5.395092435069223,-3.942349573548498,-1.4993339988115946,-0.013695665606204874,-0.33715544974169315,-1.2692716730782143,0.000574919999999989,11.208558333333349,32.05303666286625,34.544159,0.016717374,-3.454799999999883e-05,0.001771000000000189,2.1125417439708476e-06,11.208475000000302,32.07597410512335,35.160984,0.016538974,7.781399999999897e-05,0.00462460000000009,2.9439888750737717
B1c9,B1,5.4C(40%)-3.6C,1054,False,False,False,False,5.4C(40%)-3.6C,1,1.0836858,0.01692898,5.4,40.0,3.6,4.32,-5.598431010597197,-5.285014514632307,0.0013237806686297632,2.318294021230989,5.058973278870694,-3.9786447664056386,-1.528094578572831,-0.012203626516902233,-0.459564788048643,-1.2049044920588108,0.0005215199999999877,11.207968333333337,32.5974177151911,35.989418,0.016896812,-3.2167999999999086e-05,0.0015783000000000325,1.5257938157077544e-05,11.208354166666442,32.64176137708503,36.799232,0.016611163,2.4271999999998795e-05,0.005264099999999994,3.022840610876528
B1c10,B1,5.4C(50%)-3C,906,False,False,True,False,5.4C(50%)-3C,1,1.0762031,0.016550891,5.4,50.0,3.0,4.153846153846154,-6.38880639845126,-3.0700168710664784,0.0007680919893705822,0.8479290756539236,0.8514377284508403,-3.9954169215933923,-1.5479189039084729,-0.011389303690690888,-0.5061403217920998,-1.2758686864126154,0.0005812800000000643,11.734921666666681,33.485499418939355,36.92947,0.016491856,-5.903500000000242e-05,0.001723499999999989,2.1252401978971095e-05,11.652180833333478,33.208173719240655,37.614693,0.016397769,0.00012532999999999989,0.008768200000000004,2.957128197676813
B1c11,B1,5.4C(50%)-3C,788,False,False,False,False,5.4C(50%)-3C,1,1.0550324,0.016582273,5.4,50.0,3.0,4.153846153846154,-6.53605917134161,-3.6158985592845037,0.0005283198355775045,0.853862448304201,0.30073001724338067,-4.099071517851837,-1.598897340840833,-0.00900341910027135,-0.6055151015258434,-1.1836510200124981,0.0006706899999999698,11.652274999999948,33.006286829064415,36.386898,0.016491279,-9.099400000000049e-05,0.0020469000000000737,1.7808947433516e-05,11.652389166666882,32.75923117715138,37.128967,0.015962802,-0.00031164300000000034,0.008206600000000064,2.8965262174895554
B1c12,B1,5.4C(50%)-3.6C,902,False,False,True,False,5.4C(50%)-3.6C,1,1.0786488,0.016499696,5.4,50.0,3.6,4.5473684210526315,-5.879321647119601,-4.6299593169741,0.0009323304695435392,1.929430117860325,2.772952261491503,-4.076072056924014,-1.5493717103066238,-0.01171473930214216,-0.34441737958053326,-1.17429328132786,0.0004979799999999513,10.652861666666649,33.38303755573696,37.291122,0.016461944,-2.5978000000002888e-05,0.0015422999999998854,9.575901051318731e-06,10.652956666666554,33.45852614579546,38.354816,0.016234221,2.980099999999944e-05,0.0047447999999998824,2.9552065375419416
B1c13,B1,5.4C(50%)-3.6C,897,False,False,True,False,5.4C(50%)-3.6C,1,1.0810564,0.017109714,5.4,50.0,3.6,4.5473684210526315,-6.211477022114645,-4.094724766825479,0.0007341484203407413,1.3461841508920078,0.5870109053740595,-4.0263153090511254,-1.5288118556412051,-0.013281301941322153,-0.14002442108365776,-1.2572304923227515,0.0005536999999999463,10.735718333333292,32.02156215735114,34.606346,0.017058995,-5.071900000000115e-05,0.00169229999999998,1.2899591836743437e-06,10.652646666666744,32.09197879358146,35.892479,0.016706679,3.1212999999998686e-05,0.004716500000000012,2.952792443044092
B1c14,B1,5.4C(60%)-3C,880,False,False,False,False,5.4C(60%)-3C,1,1.0721085,0.017082188,5.4,60.0,3.0,4.499999999999999,-6.591180955364465,-3.686240057205276,0.0008283627687596336,-0.7202586616383992,0.3789524900897949,-4.048738886513733,-1.5481536730053467,-0.011933677763037854,-0.2634752841050489,-1.298233222446471,0.0006485300000000729,10.763291666666676,33.22375514433794,36.619175,0.017031521,-5.066700000000077e-05,0.0018584000000001488,2.310184168212256e-05,10.763338333333255,33.07723804996891,37.818813,0.016649306,-3.60619999999999e-05,0.005735299999999999,2.9444826721501687
B1c15,B1,5.4C(60%)-3C,719,False,False,False,False,5.4C(60%)-3C,1,1.0627433,0.017166486,5.4,60.0,3.0,4.499999999999999,-6.56834954743741,-4.863461192666426,0.000683004109048792,2.6800825906439454,12.283635856247123,-4.025167590102825,-1.5401256181623297,-0.010902425863143606,-0.4664676562056214,-1.2281123797806603,0.0008525199999999801,10.769081666666656,33.16283013253003,36.807449,0.016979586,-0.00018690000000000026,0.0025424000000000557,2.501990352504291e-05,10.763519999999941,33.14723744491194,38.47617,0.016542939,-0.0002449920000000029,0.00659540000000014,2.8567288903828825
B1c16,B1,5.4C(60%)-3.6C,862,False,False,False,False,5.4C(60%)-3.6C,1,1.0823848,0.016791083,5.4,60.0,3.6,4.8,-6.7673931421986,-3.5937601285778413,0.0005760946027380537,1.360318704433576,4.992616336101508,-4.101591309254797,-1.5594277738622802,-0.012555011795987807,-0.08224682533019421,-1.237678780181304,0.0007539800000000461,10.096490000000024,32.38131709406932,35.639156,0.016685836,-0.00010524699999999929,0.0022694999999999244,1.9746371057511757e-05,10.096994999999879,32.41695338456084,37.566532,0.016328048,1.3582000000001565e-05,0.00620709999999991,2.9355072658247128
B1c17,B1,5.4C(60%)-3.6C,857,False,False,False,False,5.4C(60%)-3.6C,1,1.0732841,0.016739396,5.4,60.0,3.6,4.8,-6.32409752575238,-4.789739721304884,0.0007754040217402458,1.2089135128364743,0.5680372364694883,-3.997218107234343,-1.5195208556855826,-0.012560353872363508,-0.2997156188803044,-1.2846575666180347,0.0005414799999999988,10.180106666666628,31.958188196185652,35.148521,0.016663406,-7.599000000000147e-05,0.0016100999999999477,1.4678764378480561e-05,10.100527500000013,32.088309961410204,37.208405,0.016238289,5.4115999999999886e-05,0.005941699999999939,2.932980821923198
B1c18,B1,5.4C(70%)-3C,691,False,False,False,False,5.4C(70%)-3C,1,1.0667928,0.019886132,5.4,70.0,3.0,4.909090909090909,-5.563852622106157,-3.870276052482792,0.0014513160440962816,1.3372864309546375,0.5128932548196103,-3.664001737186456,-1.3630779264684996,-0.02018362861789606,-0.06537570497015188,-1.383117457557724,0.0005217099999999598,9.958261666666688,31.349567571953497,35.258629,0.019886132,0.0,0.0015804999999999847,-0.0003204380136054445,9.957806666666633,31.836297953504562,36.084282,0.015845969,-0.003991768999999999,1.8172917000000002,2.8394780473741985
B1c19,B1,5.4C(70%)-3C,788,False,False,False,False,5.4C(70%)-3C,1,1.0863022,0.016386686,5.4,70.0,3.0,4.909090909090909,-5.67108674046372,-4.22705712039685,0.0012783024167781977,1.539585048089934,1.295685403382751,-3.6343701367071035,-1.350035823838756,-0.01959407888439174,-0.2890597420994057,-1.3148165158702336,0.0004917099999999947,9.957923333333323,32.95903210751044,36.624542,0.016327402,-5.16530000000022e-05,0.0014761999999999276,-1.3177510204078255e-05,9.957910833333395,33.044517898226694,37.49086,0.016205151,-9.84199999999949e-06,0.0030031999999999837,2.8965262174895554
B1c20,B1,5.4C(80%)-5.4C,534,False,False,False,False,5.4C(80%)-5.4C,0,1.0737344,0.015663207,5.4,80.0,5.4,5.4,-6.788546795837223,-3.9134428939235266,0.0005428663794332162,1.6138894676552609,1.7887705308271675,-3.363507130071331,-1.2038665836444875,-0.03306659604149434,0.2557789609088581,-1.0898909258045546,0.0005125199999998924,8.989326666666663,32.44696716708698,35.208969,0.015499571,-0.00016363599999999826,0.0015353000000000172,-0.00014337809400123957,9.006974166666623,32.15249880525548,35.504932,0.015036267,-0.0004956829999999985,0.0019898000000000415,2.727541257028556
B1c21,B1,5.4C(80%)-5.4C,559,False,False,False,False,5.4C(80%)-5.4C,1,1.0836138,0.015273424,5.4,80.0,5.4,5.4,-6.855904627164319,-4.6812180088056605,0.0005406970217782854,1.5504175184866311,1.964913513748634,-3.3422972190384663,-1.190852909395032,-0.030944697953169262,-0.09599544059877287,-1.1488812926670497,0.0005037400000000304,8.980751666666643,33.46960757612179,37.615559,0.015122428,-0.00015099600000000046,0.0015614999999999934,-8.50561162646886e-05,8.985972500000086,33.13620441886856,37.615559,0.014894895,-0.00014681400000000032,0.0023124000000001033,2.747411807886423
B1c22,B1,6C(30%)-3.6C,891,False,False,True,False,6C(30%)-3.6C,1,1.0806096,0.016685952,6.0,30.0,3.6,4.235294117647059,-7.205985215434261,-3.1192154317722345,0.00024668510227455673,0.6585903833882637,1.8387459171683433,-3.940387625045175,-1.488286084656502,-0.014854066296176036,-0.12431802231366038,-1.2788196010093191,0.0005565299999999988,11.430919999999999,32.75324795853684,36.289516,0.016621454,-6.449799999999964e-05,0.0016675999999999913,-9.603379097098098e-06,11.430275000000012,32.84420855527973,37.758316,0.016250946,-1.700999999999786e-06,0.0036975999999999676,2.949877704036875
B1c23,B1,6C(30%)-3.6C,1014,False,False,False,False,6C(30%)-3.6C,1,1.0805521,0.016908232,6.0,30.0,3.6,4.235294117647059,-7.0713901778423,-3.2734992765104556,0.0003943396065454404,0.07928846677392787,0.035457169848670755,-4.029666035704335,-1.5244336066931528,-0.013469104851908501,-0.12334341519859611,-1.244859507344768,0.00047721000000001913,11.430390000000019,31.885746326825178,34.642879,0.016839288,-6.894399999999787e-05,0.0014252999999999627,-9.392765615344064e-06,11.430254166666767,31.990946220786526,36.165897,0.016472535,1.5445000000002818e-05,0.0032342999999999122,3.0060379549973173
B1c24,B1,6C(40%)-3C,1017,False,False,False,False,6C(40%)-3C,1,1.0755144,0.016643735,6.0,40.0,3.0,4.0,-6.040175076780734,-4.935955928746944,0.0007806586025248744,2.2474041730894445,4.684922570256203,-3.9250816786805744,-1.4880158027614023,-0.014204342646621704,-0.3245988046886833,-1.2772125991334478,0.0004714000000000587,12.177883333333314,33.29218581337735,36.68198,0.016592791,-4.946100000000064e-05,0.0014769999999999506,-3.738354978333382e-07,12.09833250000035,33.37895440110015,37.596226,0.016390581,5.2366000000001606e-05,0.003560599999999914,3.0073209529227447
B1c25,B1,6C(40%)-3C,854,False,False,False,False,6C(40%)-3C,1,1.0763277,0.016663048,6.0,40.0,3.0,4.0,-6.077927692479765,-4.779932659606582,0.0008042346068176303,2.2022964658442006,4.560604925025554,-3.9972287132910425,-1.5156434615482994,-0.012983010499542947,-0.34649363043270937,-1.2510345515622412,0.00043108000000001857,12.09737499999998,33.78242016222539,37.751759,0.016607096,-5.1543000000001116e-05,0.0012469999999999981,-2.2388373531235422e-06,12.097324166666658,33.84928034987044,38.670872,0.016397864,2.362800000000123e-05,0.003585399999999961,2.931457870689005
B1c26,B1,6C(40%)-3.6C,870,False,False,False,False,6C(40%)-3.6C,1,1.0887769,0.016335486,6.0,40.0,3.6,4.5,-6.672211224369101,-2.539663321128181,-1.3930767096992786e-05,-3.614175391173228,14.071377310116244,-3.776006370634551,-1.4068805367492165,-0.018216348910873138,-0.12343656114125279,-1.2733408671859159,0.000488060000000045,10.76500499999999,33.063630505378626,36.043938,0.016278371,-5.7114999999999944e-05,0.0014425000000000132,-1.7721689548547105e-05,10.76504166666685,33.156687116483965,37.077717,0.016129743,4.8831999999998654e-05,0.0027692999999999746,2.9395192526186187
B1c27,B1,6C(40%)-3.6C,842,False,False,False,False,6C(40%)-3.6C,1,1.0801724,0.016134517,6.0,40.0,3.6,4.5,-6.859913616709907,-2.6439055479406233,7.241975133902532e-05,-3.6718585890540067,15.688102037454605,-3.8339084154439664,-1.435252504140078,-0.015973092968583333,-0.29744779638445606,-1.2301666379763128,0.0004402299999999694,10.763831666666677,33.79170396757057,37.149551,0.016074464,-6.0053000000000883e-05,0.0013009999999999966,-1.322819171305918e-05,10.764014166666705,33.89537729905795,38.178074,0.015953196,5.854099999999876e-05,0.0028270999999999713,2.9253120914996495
B1c28,B1,6C(50%)-3C,860,False,False,False,False,6C(50%)-3C,1,1.0790652,0.016719546,6.0,50.0,3.0,4.363636363636363,-7.210581020210814,-2.67045651049185,0.00021775833056528426,-2.626940959874941,17.55528934050757,-3.829274655012454,-1.4213913125307793,-0.017175318961156965,-0.14019608763400415,-1.253101341928139,0.00044828999999987814,11.09720500000003,33.65742508278434,37.117283,0.016656522,-6.302399999999833e-05,0.0013422999999999075,-1.0195179962896371e-05,11.17892166666655,33.77468052006935,38.303513,0.016467512,8.087800000000298e-05,0.0025292999999999566,2.934498451243568
B1c29,B1,6C(50%)-3C,917,False,False,False,False,6C(50%)-3C,1,1.0806577,0.016580919,6.0,50.0,3.0,4.363636363636363,-7.158183942052388,-2.9684181874325515,0.0003196653905651257,0.459130604847462,3.663863697956879,-3.8246334539101077,-1.4272987466248848,-0.01688830533390143,-0.14122285665008763,-1.284826671046729,0.0004902599999999911,11.179503333333317,32.58996796071019,35.141018,0.016530331,-5.0588000000000716e-05,0.0014663000000001425,-7.847255411251932e-06,11.179469999999856,32.704904496807615,36.258759,0.016308507,6.838699999999961e-05,0.00314520000000007,2.962369335670021
B1c30,B1,6C(50%)-3.6C,709,False,False,False,False,6C(50%)-3.6C,1,1.0811634,0.016041212,6.0,50.0,3.6,4.8,-6.6206245801511505,-2.5722481746875516,-5.879654872461634e-05,-2.588430175933382,6.578308126798332,-3.7483119064016144,-1.3900579606401087,-0.01780481858608443,-0.2690043630808585,-1.2351590425315913,0.00045278000000000993,10.097159999999985,33.42139484608273,36.410614,0.015987275,-5.393700000000043e-05,0.0014038999999999024,-1.908236611008518e-05,10.096809999999884,33.54033496908896,37.483994,0.015838005,8.662000000000253e-05,0.002654799999999957,2.8506462351830666
B1c31,B1,6C(50%)-3.6C,876,False,False,False,False,6C(50%)-3.6C,1,1.0959352,0.016916323,6.0,50.0,3.6,4.8,-6.953140798174803,-2.8371050929135864,-1.879190401332012e-06,-2.064132981932931,4.306959026882896,-3.76971394290969,-1.3966115264661703,-0.01846283982288225,-0.10029300976124196,-1.2414052732975414,0.0005106900000000049,10.097186666666676,30.31729695960024,30.667873,0.01685795,-5.837300000000045e-05,0.0015457999999999306,-2.875725541125324e-05,10.09680916666657,30.37476549968028,31.658901,0.016684072,4.168799999999806e-05,0.002398200000000017,2.9425041061680806
B1c32,B1,6C(60%)-3C,731,False,False,False,False,6C(60%)-3C,1,1.0789613,0.016192216,6.0,60.0,3.0,4.8,-7.19020984596647,-2.8738937733808956,4.429750840514459e-05,-2.516190108957756,8.080511191540234,-3.6475238217307786,-1.33811315000358,-0.02094768140665781,-0.13939179368308938,-1.2810164081254085,0.0004901099999998636,10.096391666666689,32.97954295373219,36.114578,0.016141208,-5.100799999999822e-05,0.001445099999999977,-1.533715275200904e-05,10.096443333333324,33.0808442922036,37.14436,0.015933495,8.912800000000082e-05,0.0026953999999999034,2.8639173769578603
B1c33,B1,6C(60%)-3C,757,False,False,False,False,6C(60%)-3C,1,1.0938309,0.016547715,6.0,60.0,3.0,4.8,-7.276466311471175,-2.961297389542629,8.77686258848258e-05,-1.6719324608589898,4.899089250583933,-3.668253214351233,-1.3490054507290534,-0.0215460081106823,0.07968492403720542,-1.2357215984420555,0.000575489999999996,10.179520000000018,33.49450592148189,37.359303,0.016488729,-5.8986000000000455e-05,0.0017385000000000872,-2.474224737167612e-05,10.09654166666672,33.67233826032305,38.728722,0.016214989,2.8758000000000256e-05,0.002995300000000034,2.8790958795000727
B1c34,B1,7C(30%)-3.6C,742,False,False,False,False,7C(30%)-3.6C,1,1.0778389,0.016942797,7.0,30.0,3.6,4.401746724890829,-7.257054620871202,-3.5503154955938063,0.00021248048589321244,0.9030943483295717,0.8371483941308449,-3.843103835917253,-1.4251085145485836,-0.016407631833940898,-0.12984674365657425,-1.1972733212323619,0.0003173900000000199,11.084356666666645,32.50779922465657,35.651958,0.016868785,-7.40119999999983e-05,0.0009761000000001463,-2.8489882498462988e-06,11.001270833333304,32.66521538493962,37.240925,0.016567618,6.445000000000756e-06,0.0036435000000001327,2.870403905279027
B1c35,B1,7C(30%)-3.6C,703,False,False,False,False,7C(30%)-3.6C,1,1.0719526,0.017019259,7.0,30.0,3.6,4.401746724890829,-7.645242714133558,-3.2543217674373315,0.0001704726373942092,-0.6303843542597614,1.4254751598736286,-3.759319457975976,-1.3988548768548348,-0.018506705648455038,-0.08768049532643944,-1.29762774857787,0.0005173500000000331,11.084075,31.958098186700802,34.570969,0.016956057,-6.320199999999832e-05,0.0015515999999999863,5.224675324672072e-07,11.001293333333281,32.097682061369525,36.075569,0.016647711,7.898300000000122e-05,0.0038730000000000153,2.846955325019824
B1c36,B1,7C(40%)-3C,704,False,False,False,False,7C(40%)-3C,1,1.0791167,0.016444681,7.0,40.0,3.0,4.2,-7.309446371128156,-3.4826785740361457,0.0002245029851820967,1.2145508265201719,1.756708061376961,-3.65615878883991,-1.34763214378522,-0.021434220444377153,-0.015655537161848032,-1.3021604806589417,0.000559299999999982,11.524753333333319,31.919998208956287,33.662056,0.016390245,-5.4435999999997986e-05,0.0016677000000000497,-9.967059987636845e-06,11.524682499999958,32.04688983945998,34.868446,0.016229769,0.0001320929999999998,0.0032426000000000954,2.847572659142112
B1c37,B1,7C(40%)-3C,648,False,False,False,False,7C(40%)-3C,1,1.076063,0.016576257,7.0,40.0,3.0,4.2,-7.161861725162069,-3.3965817033042476,0.00016048633369700972,1.2648464139171565,2.771936621479007,-3.6600036122972632,-1.349434869372297,-0.01971299458786852,-0.2205501419268106,-1.2886953448041596,0.0004681900000000317,11.607248333333336,32.82757788229827,35.64579,0.016531218,-4.503900000000019e-05,0.0013913999999999316,-1.2432418058126576e-05,11.524773333333481,32.95974611988449,36.993626,0.016318144,0.00010450299999999885,0.0032288000000000316,2.8115750058705933
B1c38,B1,7C(40%)-3.6C,617,False,False,False,False,7C(40%)-3.6C,1,1.0740083,0.016216327,7.0,40.0,3.6,4.754716981132075,-6.291515495918691,-2.394536049558058,0.00011623091677807185,-2.625052534815857,7.654307504422672,-3.4325733462933345,-1.2387435733580296,-0.02702629541643134,-0.04937203124437685,-1.3409768915392206,0.00041725000000002426,10.275475000000005,33.52302583485025,36.721928,0.016136996,-7.933099999999846e-05,0.0012361999999999096,-1.1729051329621484e-05,10.193824166666763,33.695972985021896,37.995705,0.016066672,0.00012277200000000016,0.0025895000000000223,2.7902851640332416
B1c39,B1,7C(40%)-3.6C,625,False,False,False,False,7C(40%)-3.6C,1,1.083198,0.016682221,7.0,40.0,3.6,4.754716981132075,-6.018335500909665,-2.1275069990983138,-0.00033874794607815844,-3.52965434852283,13.71398118176192,-3.507486222041217,-1.2678212736969623,-0.02441509238051446,-0.14264054498385528,-1.27010935717558,0.0005358299999999609,10.274928333333325,33.34923579407599,36.860138,0.016638417,-4.380400000000145e-05,0.0015897999999998635,-6.245335807054586e-06,10.2746133333334,33.507792716290595,38.024876,0.016519627,0.00015737600000000074,0.0032686999999997912,2.7958800173440754
B1c40,B1,8C(15%)-3.6C,966,False,False,False,False,8C(15%)-3.6C,1,1.0846047,0.016708069,8.0,15.0,3.6,4.013937282229966,-6.244087139046405,-3.1634797014734954,0.0005251908294118671,2.5747783675447447,7.489738508284233,-4.09069207383316,-1.5463603523275369,-0.01250367507328451,-0.20948148446317102,-1.2152819256956615,0.0005830399999999064,12.054661666666712,33.362120322277555,37.401123,0.016651146,-5.4352000000000567e-05,0.0017254999999998244,-1.1160728509590964e-05,12.054684166666508,33.459926086753086,38.388569,0.016480761,9.301100000000048e-05,0.0032014999999998572,2.9849771264154934
B1c41,B1,8C(15%)-3.6C,1051,False,False,False,False,8C(15%)-3.6C,1,1.0802841,0.016819723,8.0,15.0,3.6,4.013937282229966,-6.36097932187752,-3.5527942997125224,0.00039523633640858223,2.2756769213891497,5.298788973261363,-4.063684103101216,-1.0289516658664888,-0.012244755634473276,-0.8271773429187614,4.370899142816603,0.000587419999999997,12.054396666666678,32.977500741948965,36.574959,0.016741274,-6.786600000000323e-05,0.0017367999999999828,-3.0133308596197336e-06,12.054714166665992,33.073624814028975,37.576675,0.016552322,8.234999999998799e-06,0.0035847999999998326,3.021602716028242
B1c42,B1,8C(25%)-3.6C,702,False,False,False,False,8C(25%)-3.6C,1,1.0813485,0.016730737,8.0,25.0,3.6,4.347169811320755,-6.436196348263301,-2.55788571485956,0.000363713908644413,1.22622571275121,5.715680951259515,-3.670301164204065,-1.3486829124767143,-0.021319837345633263,-0.0004669847242842862,-1.2597156466344561,0.0005220299999999558,11.13793666666667,33.42195746224242,37.126156,0.016659625,-7.111199999999818e-05,0.0015681999999999086,-7.863055040221924e-07,11.138535833333542,33.58563675720614,38.397423,0.016511114,0.00013137400000000007,0.0034834999999999727,2.846337112129805
B1c43,B1,8C(25%)-3.6C,651,False,False,False,False,8C(25%)-3.6C,1,1.0693892,0.01610712,8.0,25.0,3.6,4.347169811320755,-6.4258449669052276,-2.536622386516724,0.000381775529481032,2.3838726366892646,12.377950001229404,-3.665037198526454,-1.3423770129194077,-0.019476934549456926,-0.2240162055443643,-1.3156192782509655,0.0004941500000000359,11.13773666666663,33.311727791221145,36.568501,0.016022572,-8.454800000000026e-05,0.0014902999999999444,-2.6482620902900663e-05,11.13818416666654,33.34002256661075,37.725166,0.015904058,0.00013329200000000013,0.0022818000000000005,2.813580988568192
B1c44,B1,8C(35%)-3.6C,616,False,False,False,False,8C(35%)-3.6C,1,1.0860728,0.017408649,8.0,35.0,3.6,4.7407407407407405,-6.7518545872095,-2.5227292848638405,0.0001234702459730314,-2.841147819103971,14.564045983295664,-3.422325446785457,-1.2333459526566974,-0.029278524107210237,0.14798084973516484,-1.2802584997972972,0.0005111899999999968,10.304085000000002,32.38360315347747,35.28067,0.017351789,-3.432900000000308e-05,0.001549100000000081,-3.6174410636986474e-05,10.221427500000088,32.55413644487567,36.804283,0.017142953,0.00018254199999999735,0.0022577999999999765,2.7895807121644256
B1c45,B1,8C(35%)-3.6C,599,False,False,False,False,8C(35%)-3.6C,1,1.0852593,0.016654616,8.0,35.0,3.6,4.7407407407407405,-6.666157320925881,-2.2851666353399462,5.118776130250137e-05,-3.5031253858144566,36.80793656156361,-3.4231969078757474,-1.2321222779177947,-0.02918790250493602,0.12554701108526536,-1.280475118990162,0.000498879999999991,10.221496666666644,32.783793621296084,36.147827,0.016608326,-4.6290000000000914e-05,0.0015316000000000773,-1.5727617810767277e-05,10.221570833333317,33.00193940799122,37.855122,0.016382927,0.00018778499999999934,0.003179000000000043,2.7774268223893115
B2c0,B2,5.2C(58%)-4C,477,False,False,False,False,5.2C(58%)-4C,0,1.102657,0.01748348,5.2,57.99999999999999,4.0,4.803695150115473,-4.577634161383519,-4.061728699648881,0.0031667254881063904,2.862323578593273,8.469081022727806,-3.576617485456086,-1.2995569299785308,-0.023639450838688462,-0.001055440256209417,-1.2287793557217523,0.0005065599999999555,10.173655000000144,31.587562007657635,35.0834597145541,0.017291756,-0.00017192199999999797,0.0017389000000000987,1.1778556586271514e-05,10.173191666666874,31.81204313998155,36.404427,0.017083954,-0.00012765399999999788,0.007461600000000068,2.678518379040114
B2c1,B2,5.6C(26%)-4.5C,491,False,False,False,False,5.6C(26%)-4.5C,0,1.1059335,0.018092183,5.6,26.0,4.5,4.8068669527897,-6.499709132786701,-2.7682142551204887,0.00022289803121329407,0.8511561693057658,3.3761827291903828,-3.3016738831536765,-1.1707618686359438,-0.036030561252602816,0.343777794552968,-1.1205861288782486,0.0002842400000000366,10.176771666666658,33.39732393506155,35.981617,0.017994393,-9.779000000000038e-05,0.0011993000000001253,-3.32225776128637e-05,10.176814166666615,33.60141359095031,37.4468,0.017313389,-0.0005578710000000014,0.003424900000000175,2.6910814921229687
B2c2,B2,5.2C(50%)-4.25C,424,False,False,False,False,5.2C(50%)-4.25C,0,1.0742784,0.016723743,5.2,50.0,4.25,4.797829036635006,-5.173520675448279,-2.638372921870587,0.00047784160167241806,3.4842324647387803,12.426237981736358,-3.60675812505019,-1.3314786740392734,-0.021332595797497397,-0.06975642790353294,-1.3689049625347,0.00013251999999994184,10.174855000000147,33.23308197598864,37.51331139870802,0.016598227,-4.535999999999429e-06,0.0019716999999999096,-3.1211106988249556e-06,10.17488666666759,33.176169431035646,38.33985803206289,0.016255558,-0.00011312399999999917,0.006268099999999999,2.6273658565927325
B2c3,B2,4.65C(44%)-5C,499,False,False,False,False,4.65C(44%)-5C,0,1.096119,0.015919222,4.65,44.0,5.0,4.80123902942695,-5.427798196428757,-2.048877563761758,-0.0013225303303580878,-2.0821488859399864,3.5160040130851806,-3.630630823732642,-1.3182801139867597,-0.01807220851035381,-0.52148412301454,-1.0757787958086444,0.0006245499999999325,10.173285000000032,33.92299051694397,38.82259314031002,0.015907912,-1.1310000000000486e-05,0.0022406999999999844,7.263570439085165e-05,10.173144166667043,33.93613277835801,39.422000644443116,0.015764765,0.00015913799999999964,0.011898299999999917,2.6981005456233897
B2c4,B2,4.65C(69%)-6C,444,False,False,False,False,4.65C(69%)-6C,0,1.0892873,0.016817132,4.65,69.0,6.0,4.798452112221864,-4.87094020915179,-1.893576934450613,-0.002810615873252239,-1.647461146171874,1.3143246480211452,-3.336556830366991,-1.1941017578283328,-0.03208158237395107,0.14008381634548006,-1.2729606212520692,-0.000177070000000066,10.22127166666663,33.1859059286094,37.721821,0.016648095,-0.00016903699999999688,0.0015639999999998988,-6.817896351267416e-05,10.230248333332808,33.049390994157704,38.209395652763355,0.01593901,-0.0008051769999999972,0.0015639999999998988,2.6473829701146196
B2c5,B2,3.6C(30%)-6C,416,False,False,False,False,3.6C(30%)-6C,0,1.0985123,0.015924219,3.6,30.0,6.0,4.800000000000001,-7.270172404100849,-2.8641246377885765,-0.00043229915577931423,-0.17929111880966453,0.5826586130486864,-3.0815388411301936,-1.0641022095589696,-0.04669829132418803,0.3539541617336494,-1.04056384893629,-0.00038878000000008443,10.17838833333323,33.28554976158169,37.605991,0.01572575,-0.00019846899999999973,0.0005393999999998567,-0.000193170827458258,10.201117500000207,33.01377096631674,38.461759392010215,0.015142022,-0.0006038659999999998,0.0005393999999998567,2.6190933306267428
B2c6,B2,3.6C(9%)-5C,393,False,False,False,False,3.6C(9%)-5C,0,1.087554,0.016427299,3.6,9.0,5.0,4.790419161676646,-5.317360601016977,-2.0318580447784127,-0.0012195079007809892,-2.1671038366991775,3.645798906343222,-3.6824114000029273,-1.3612676314879202,-0.01858600866696809,-0.26784743082328627,-1.306544979175295,0.00036777999999988226,10.179236666666595,33.872555868387,39.787766,0.01624202,-0.000185279,0.002707800000000038,5.860429931973028e-05,10.179360833333341,33.818180490997854,40.4669448483313,0.015897563,-0.00040885799999999806,0.012502800000000036,2.5943925503754266
B2c7,B2,4.8C(80%)-4.8C-newstructure,777,False,False,False,True,4.8C(80%)-4.8C,1,1.0913519,0.014800328,4.8,80.0,4.8,4.8,-5.52517772342796,-2.1643322353775725,-0.0012089174505025778,-1.6512782363921867,1.3403134198116398,-4.436969320850394,-1.7506594432734206,-0.007436531282622072,-0.25786491651870463,-1.3282182836689775,-0.00014250000000009852,10.036841666666684,33.5960679235175,36.92270275083739,0.014800328,1.988200000000058e-05,0.0006481000000000403,5.3211050092766946e-05,10.035633333332953,33.765752863001104,37.918381,0.014716571,7.245099999999942e-05,0.014235899999999857,2.890421018800914
B2c8,B2,5.2C(58%)-4C-newstructure,904,False,False,False,True,5.2C(58%)-4C,1,1.0912212,0.016542358,5.2,57.99999999999999,4.0,4.803695150115473,-5.993500004681657,-2.154574063504451,-0.0008379172837014115,-3.7012211137732143,16.404026924867065,-4.048784293808806,-1.4156420938998644,-0.012091943416046178,-0.596431803255377,-0.485738304838625,-0.00028981999999993857,10.039886666666765,33.50108177763039,35.825352,0.016397294,2.722800000000067e-05,0.0,-4.757952776747425e-05,10.039811666667083,33.597295285091064,36.451335340457405,0.016342103,4.4629999999996894e-06,0.002622700000000089,2.9561684304753633
B2c9,B2,5.6C(26%)-4.5C-newstructure,791,False,False,False,True,5.6C(26%)-4.5C,1,1.097174,0.015509357,5.6,26.0,4.5,4.8068669527897,-5.693976434353993,-2.1357379224068875,-0.000996357750858904,-2.0972731198233214,4.404089638221054,-4.074233870940575,-1.4396244995094785,-0.012425957221613397,-0.40087466361056007,-0.7843413655059588,0.00016889999999996507,10.040636666666735,32.3916225626192,34.593979,0.015287872,-5.825899999999974e-05,0.0007350999999999885,-3.28619901051326e-05,10.04024166666677,32.35368441732361,35.00847845562602,0.015197206,-0.0001036990000000005,0.0027884999999998605,2.8981764834976764
B2c10,B2,4.8C(80%)-4.8C,492,False,False,False,False,4.8C(80%)-4.8C,0,1.1100956,0.017237252,4.8,80.0,4.8,4.8,-5.832400049377661,-3.30215661387872,0.00028682204481091003,3.9513851771526896,16.204006057038942,-3.5260229529375176,-1.2839126023070369,-0.027036903684832955,0.2969874162139029,-1.1743697197072103,0.00036432999999997165,10.171468333333177,31.536714066695293,34.06417017136447,0.017082045,-0.00015520700000000096,0.0008471999999999369,5.743332096474794e-05,10.170843333333686,31.720614407451585,35.078796,0.016884135,-0.0001326280000000027,0.007870900000000125,2.69196510276736
B2c11,B2,5.2C(50%)-4.25C,449,False,False,False,False,5.2C(50%)-4.25C,0,1.0984064,0.017189233,5.2,50.0,4.25,4.797829036635006,-4.417617062363304,-1.5158131275898952,-0.0040930901141756895,-2.4827598530263035,5.7440672603124785,-3.414759717766357,-1.2329233083052953,-0.026493295202619255,-0.1492706041005725,-1.331417544671421,-0.00026244000000007103,10.173445000000113,33.289436579360164,37.843502,0.017046325,-6.862400000000324e-05,0.0,0.00011782017687075458,10.173719999999836,33.138794463196625,39.423817,0.016784718,0.0003645189999999972,0.011059399999999941,2.6522463410033232
B2c12,B2,4.65C(44%)-5C,466,False,False,False,False,4.65C(44%)-5C,0,1.1036935,0.016947597,4.65,44.0,5.0,4.80123902942695,-4.25002817100003,-1.4479387795333651,-0.0056717862785084635,-2.0644806774539357,3.9811454194103586,-3.2522073393650883,-1.1575759441421962,-0.0373610928766259,0.298755302134585,-1.2099177739783968,-0.00014078000000007092,10.174281666666745,31.531319226287724,34.071804,0.016915195,2.0300000000070262e-07,0.00014999999999987246,3.065018923933638e-05,10.174649999999868,31.30932491020319,35.747711,0.016159201,-0.0004242019999999985,0.004684299999999864,2.66838591669
B2c13,B2,4.65C(69%)-6C,460,False,False,False,False,4.65C(69%)-6C,0,1.0962155,0.01677426,4.65,69.0,6.0,4.798452112221864,-4.671663965371515,-1.7147511150019303,-0.0038970780399083917,-1.7084299381152,1.7444539513850508,-3.2584585026502135,-1.161089045234272,-0.03743903604271078,0.31150935557909637,-1.1875146255862137,-0.00010679000000002633,10.208034999999898,32.07260121953075,34.926178,0.016575735,-0.0001686740000000006,0.0,-1.011770439084033e-05,10.213299166666305,31.943611735011427,36.19238897679291,0.015610993,-0.0007604350000000003,0.0013574000000000641,2.662757831681574
B2c14,B2,3.6C(30%)-6C,426,False,False,False,False,3.6C(30%)-6C,0,1.083961,0.017007502,3.6,30.0,6.0,4.800000000000001,-5.470565948041285,-2.069066723740216,-0.000933280033218807,-2.9917571049299294,8.080509605223515,-3.132837015987658,-1.09620988783927,-0.04331283267827627,0.2983796908183315,-1.0953727282475787,-4.001000000008079e-05,10.208949999999943,32.20865049328705,35.77569191398762,0.016661255,-0.0003462470000000009,0.0010175999999999519,-0.00010031245640074483,10.24215166666642,32.120764920336,36.56760277779107,0.015952863,-0.0006726480000000014,0.0010175999999999519,2.629409599102719
B2c15,B2,3.6C(9%)-5C,396,False,False,False,False,3.6C(9%)-5C,0,1.0715203,0.017090932,3.6,9.0,5.0,4.790419161676646,-5.70942476793217,-2.6253983290263063,0.0008715447959748519,1.3941819452784334,1.46289882069322,-3.417111677638004,-1.2429348931603779,-0.02675953869306,-0.14223403299714113,-1.3543223551486394,-0.0006758399999999857,10.174436666666589,32.9449636725647,36.062778,0.016855273,-0.00023565899999999917,0.0,9.078942362399697e-05,10.175005833334216,32.861656326902796,36.649116879455384,0.016145013,-0.000828381999999999,0.007852799999999993,2.597695185925512
B2c16,B2,4.8C(80%)-4.8C,472,False,False,False,False,4.8C(80%)-4.8C,0,1.095314,0.017752096,4.8,80.0,4.8,4.8,-6.038021303035091,-3.911341392447998,0.0007561319074289989,2.457223197092482,5.29399440633869,-3.4844725163377186,-1.2671373786377296,-0.026611794781168933,0.08953872248476906,-1.2785873863864294,0.00042722999999999963,10.172426666666675,32.60776266704235,36.535957,0.017579045,-0.00017305099999999699,0.002091800000000088,-1.7353038961047507e-05,10.171572499999456,32.768990900445516,37.601054318286856,0.017414019,-0.00027458399999999786,0.0063539000000001344,2.673941998634088
B2c17,B2,5.6C(26%)-4.5C,471,False,False,False,False,5.6C(26%)-4.5C,0,1.0920639,0.017451171,5.6,26.0,4.5,4.8068669527897,-7.423313493466856,-3.188647047539641,3.956961855145157e-05,2.2141462460782058,9.78988569537593,-3.4600966764528565,-1.2593795577968812,-0.025501856221396894,-0.16877156118027947,-1.2758129080112226,3.346000000003327e-05,10.175564999999915,33.012491881428154,34.840836,0.017328491,-0.00012268,0.00043829999999989155,3.770015213358324e-05,10.177116666667281,32.986799650131516,35.36969,0.016950201,-0.0002795120000000026,0.017871399999999982,2.673020907128896
B2c18,B2,5.2C(50%)-4.25C,449,False,False,False,False,5.2C(50%)-4.25C,0,1.0754716,0.016801316,5.2,50.0,4.25,4.797829036635006,-5.645355779264133,-4.1400133523056235,0.0009019411174061027,2.8205031855829756,7.762149492000532,-3.5827482046768155,-1.3410721608006149,-0.01904305989029686,-0.3584214365782245,-1.3726068746974855,0.0006774599999999182,10.175171666666817,32.891514719491205,36.28085199458358,0.01653658,-0.0002647360000000015,0.0021348000000001033,0.00011004114409399368,10.173982499999692,32.88381173004127,36.964727535985794,0.016488669,2.4367000000000832e-05,0.012947500000000112,2.6522463410033232
B2c19,B2,6C(60%)-3C,392,False,False,False,False,6C(60%)-3C,0,1.0934031,0.016649516,6.0,60.0,3.0,4.8,-5.435234434000546,-2.1632822307587953,-0.0013555592235270253,-1.6311275297969992,1.4081059984524957,-3.2921639677943495,-1.17994301671728,-0.03445891130873865,0.17089096061980777,-1.2736076780832428,-5.01000000004599e-06,10.175338333333396,32.788656413261805,36.208447,0.016618446,-3.10700000000011e-05,0.0,1.809732096475553e-05,10.174563333333328,32.76888083189013,37.29125540144077,0.016542695,0.00027603899999999876,0.006977999999999929,2.593286067020457
B2c20,B2,5.2C(58%)-4C,489,False,False,False,False,5.2C(58%)-4C,0,1.0973581,0.016849341,5.2,57.99999999999999,4.0,4.803695150115473,-4.4529049262297695,-2.742286766281992,0.0017628225901002567,3.7137724222755937,13.14407132296828,-3.4077735763193697,-1.2221303601305957,-0.02568300435634949,-0.39128017608437793,-1.1205085945799993,0.00016269999999999344,10.172825000000012,33.55055800631202,37.4131493035259,0.016527193,-0.00032214800000000127,0.0015246000000002091,2.9816246134813916e-05,10.172920000000158,33.611665797918874,37.85651,0.016160993,0.00016501699999999994,0.007494200000000006,2.6893088591236203
B2c21,B2,6C(60%)-3C,408,False,False,False,False,6C(60%)-3C,0,1.0982407,0.017228201,6.0,60.0,3.0,4.8,-5.7056967739882865,-2.1672100169233275,-0.001010066171834672,-2.32859353202761,5.05579919163619,-3.332035475365151,-1.192566526392411,-0.03341430998803963,0.23380406279997834,-1.23571369758216,0.0008802799999999731,10.174479999999797,33.405349520990264,37.953579,0.017129574,-8.331199999999858e-05,0.0027521999999999824,3.3920708967226926e-05,10.174768333333002,33.60262971291371,39.554886,0.017071372,0.00014222399999999982,0.008718000000000004,2.61066016308988
B2c24,B2,4.8C(80%)-4.8C,514,False,False,False,False,4.8C(80%)-4.8C,0,1.0946524,0.016699543,4.8,80.0,4.8,4.8,-5.503900773088324,-3.9272931466887933,0.0009756541763579336,3.3883130314967187,11.100527787064458,-3.5813832446539684,-1.311131237849046,-0.02404499261479469,0.08522707953128207,-1.2435161772110546,0.0002492199999999888,10.170328333333357,33.04693987340203,37.575481,0.0165696,-0.00012994300000000042,0.00013850000000004137,4.3388927643787996e-05,10.169925000000633,33.20765811524611,39.222355,0.016424084,-0.00016052400000000216,0.007274000000000003,2.710963118995276
B2c25,B2,5.2C(58%)-4C,493,False,False,False,False,5.2C(58%)-4C,0,1.0995392,0.01680674,5.2,57.99999999999999,4.0,4.803695150115473,-5.709482389572509,-4.6971351956075775,0.0007880129798003483,4.666222336733472,22.925268038055467,-3.537856154199935,-1.2920907639733645,-0.024276459615269644,-0.019103018260189553,-1.3430322177796992,0.0008302299999999385,10.173305000000012,32.1813243055358,34.305400438530754,0.016694745,-0.00011199500000000015,0.0022584000000001048,3.924620160791396e-05,10.173025000000294,32.23576763814986,35.15638,0.016576298,7.285599999999962e-05,0.00751220000000008,2.69284691927723
B2c26,B2,5.6C(26%)-4.5C,450,False,False,False,False,5.6C(26%)-4.5C,0,1.1059661,0.018368643,5.6,26.0,4.5,4.8068669527897,-5.415438131648216,-4.483341803401916,0.0009428939797689524,2.8266772682897403,7.658058028470446,-3.096429813527223,-1.0747104677782016,-0.042451694936770215,0.059638607572756165,-1.1869903104594952,-0.0001009600000000529,10.17821166666666,34.46603894513661,38.027087463629464,0.018101823,-0.00026682000000000095,0.0,-1.069343846629338e-05,10.177515833333747,33.74196292087335,38.98082610957073,0.017513856,-0.0006638170000000006,0.0012404999999999777,2.6532125137753435
B2c27,B2,5.2C(50%)-4.25C,474,False,False,False,False,5.2C(50%)-4.25C,0,1.0951403,0.017577339,5.2,50.0,4.25,4.797829036635006,-5.38739528902793,-2.140318659110942,-0.001036265576400889,-1.7878179921235002,1.9991558409635513,-3.5581874083327567,-1.314576543635325,-0.023140464824571345,-0.03581590444675971,-1.3675228073019647,-0.00013059000000005,10.174388333333143,33.27948756269135,37.64060996967644,0.01751525,-6.208900000000128e-05,0.0,8.412995794681776e-05,10.174652499999745,33.30462868840129,39.292397,0.017410973,0.00014248899999999912,0.010973700000000086,2.6757783416740852
B2c28,B2,4.8C(80%)-4.8C,437,False,False,False,False,4.8C(80%)-4.8C,0,1.0899123,0.016758645,4.8,80.0,4.8,4.8,-5.807574719684921,-2.3484809694816873,-0.0009023872574823753,-1.5064867866546792,1.1772053827822502,-3.414495916477753,-1.2415230816490956,-0.02817930432668696,0.04120086205861874,-1.3720291906001394,0.0009039099999999772,10.17418333333335,32.18476019068059,34.98385452738138,0.016508615,-0.0002500299999999983,0.002540100000000045,5.6028351267768304e-05,10.173309166666392,32.14234988132786,35.97005389341205,0.016122971,-0.0005110369999999989,0.00976010000000005,2.640481436970422
B2c29,B2,5.2C(58%)-4C,452,False,False,False,False,5.2C(58%)-4C,0,1.1035252,0.016783571,5.2,57.99999999999999,4.0,4.803695150115473,-6.31552633713037,-2.8312724480627236,0.0006548375274619886,-0.6829980127568199,-0.735317926470989,-3.493027891178068,-1.2743670629183066,-0.02588282138975009,0.04325203401659179,-1.3613647599779142,-0.00016299000000006064,10.17302166666656,31.852805265826635,34.518704478841514,0.016678359,-0.00010521200000000036,0.0,0.00012111616326530242,10.17291000000041,31.796664208433217,35.143738,0.016617509,0.0001018619999999977,0.015164200000000072,2.655138434811382
B2c30,B2,5.6C(26%)-4.5C,412,False,False,False,False,5.6C(26%)-4.5C,0,1.0962735,0.017709708,5.6,26.0,4.5,4.8068669527897,-6.603911791052284,-2.6186931505566986,-0.0016599409012025906,1.3672127395086513,1.9710365763756874,-3.1882342588761725,-1.1241910540544313,-0.03965529811825644,0.2692740750272953,-1.1982336698024716,-0.00038051999999998555,10.253060000000065,33.737756297296286,37.067497,0.017476784,-0.0002329240000000024,0.0,-8.376092269634894e-05,10.17933083333337,33.8112018045488,38.296509,0.01667887,-0.0009106530000000009,0.002190400000000148,2.6148972160331345
B2c31,B2,5.6C(26%)-4.5C,425,False,False,False,False,5.6C(26%)-4.5C,0,1.0990947,0.017027061,5.6,26.0,4.5,4.8068669527897,-5.137090906792122,-4.04275513045905,0.001980522959473777,2.376053797975699,6.425199106872807,-2.9999535862850513,-0.9173952196489987,-0.04247212983053931,-0.5082329711442316,-0.5715318486659786,4.1969999999961876e-05,10.17718833333347,33.52684150419573,36.103867,0.016464528,-0.0005625330000000005,0.0005673999999999957,3.966778231292485e-05,10.178442500000287,33.36698420725743,37.238895,0.015888851,-0.0005046089999999996,0.004075800000000074,2.6283889300503116
B2c32,B2,4.8C(80%)-4.8C-newstructure,809,False,False,False,True,4.8C(80%)-4.8C,1,1.0879874,0.014833905,4.8,80.0,4.8,4.8,-6.481510435274138,-4.066560661507049,0.0005414867947661825,2.178230529314121,3.8245742381234793,-4.102907149217756,-1.5567465924499628,-0.013514233769012358,0.21605681827009024,-1.0277206968216908,0.0006788999999999154,10.042119999999947,32.149572613466646,33.98673500010025,0.014826416,9.161000000000585e-06,0.0027055999999998637,-5.816523191094959e-05,10.040928333333431,32.16849659864625,34.753593,0.014739397,-7.796000000000018e-05,0.00595699999999999,2.9079485216122722
B2c33,B2,5.2C(58%)-4C-newstructure,1140,False,False,False,True,5.2C(58%)-4C,1,1.0736533,0.015061757,5.2,57.99999999999999,4.0,4.803695150115473,-6.078933030431624,-2.4328671037292375,-0.0005944090566189275,-1.6549904400396296,2.1154532915191773,-4.278157769642239,-1.6428410743927324,-0.010765994458239565,0.27670980220227426,-0.9691771355250873,0.00020528999999999478,10.039223333333211,32.66133403552649,34.564407,0.015008152,-5.360499999999997e-05,0.0005777000000000143,-0.00012479104514533928,10.039293333333141,32.74161248197916,35.019115,0.014933125,-6.66190000000004e-05,0.0010494000000000892,3.0569048513364727
B2c34,B2,5.6C(26%)-4.5C-newstructure,1186,False,False,False,True,5.6C(26%)-4.5C,1,1.0674114,0.015014642,5.6,26.0,4.5,4.8068669527897,-6.683873836875457,-2.663957177734817,-3.5731691405839896e-05,-2.5045766122952378,6.377758238114561,-4.442689185551149,-1.7124174767257279,-0.008304521736036104,-0.137596595316852,-0.8808184133846311,0.00024007999999995383,10.03998166666667,35.578235028605434,39.130245,0.0149411,-7.354199999999936e-05,0.0007007000000001096,-5.617028695114724e-05,10.040214166666313,35.66879412981888,39.697674,0.014872484,-3.051999999999916e-05,0.0014954000000000356,3.074084689028244
B2c41,B2,5.6C(26%)-4.5C,442,False,False,False,False,5.6C(26%)-4.5C,0,1.1052881,,5.6,26.0,4.5,4.8068669527897,-4.836664257108207,-3.6841420180380844,0.002883285477292909,2.2725682528582443,4.92301899115511,-3.1908385161139434,-1.1136276732241124,-0.03770420184743521,0.004106163891706462,-1.1868034662993323,0.0002535999999999284,10.17818833333343,30.567484634947125,34.581642,,0.0,0.0006660999999998918,2.5242826221398017e-05,10.177100833333679,30.193199509315626,34.98487001858617,,0.0,0.004737299999999944,2.645422269349092
B2c42,B2,5.2C(50%)-4.25C,474,False,False,False,False,5.2C(50%)-4.25C,0,1.1017395,,5.2,50.0,4.25,4.797829036635006,-4.564849647158595,-1.5600290318248127,-0.0027577954056889906,-2.8597236361596945,7.957280698731402,-3.408099414569885,-1.2401790470779759,-0.031555432401540795,0.30120416667205024,-1.206087679683155,0.0006194199999999296,10.175013333333482,31.814431439983757,35.54667596298145,,0.0,0.00256859999999981,8.69362696351334e-05,10.175171666666575,31.707860498596137,36.76044310987061,,0.0,0.012097999999999942,2.6757783416740852
B2c43,B2,4.8C(80%)-4.8C-newstructure,1029,False,False,False,True,4.8C(80%)-4.8C,1,1.1010081,,4.8,80.0,4.8,4.8,-5.571765886177648,-3.9440543522241223,0.0009506327100995806,3.0614857940182367,10.245720366067935,-4.298837720482303,-1.7323487559411637,-0.007531273638654202,0.3354094025088262,-0.9571846378071718,-9.080000000005144e-05,10.03631333333348,33.139161871115185,35.686073,,0.0,0.00016039999999994947,-7.438306493506425e-05,10.036834999999943,33.92771617932559,38.4212899272313,,0.0,0.0010406999999998945,3.012415374762433
B2c44,B2,5.2C(58%)-4C-newstructure,841,False,False,False,True,5.2C(58%)-4C,1,1.0987016,,5.2,57.99999999999999,4.0,4.803695150115473,-5.8262895858739565,-3.785799700236792,0.0006305340195760152,2.757550430896871,7.85935172342163,-4.373031890794826,-1.6828472467814035,-0.008990998308121225,-0.2467079813957472,-0.9757749892363492,-2.2760000000014e-05,10.040436666666695,33.770787644028914,36.668877,,0.0,0.0,-2.5328429189850552e-05,10.040326666667049,33.95944494032087,37.579971,,0.0,0.0006166999999999145,2.924795995797912
B2c45,B2,5.6C(26%)-4.5C-newstructure,997,False,False,False,True,5.6C(26%)-4.5C,1,1.10237,,5.6,26.0,4.5,4.8068669527897,-5.781459957993507,-3.7625553806901424,0.0005863127480718817,2.5260470814839047,5.785670068138385,-4.264289244940207,-1.6193870348728268,-0.010115132131840735,-0.28844933532006545,-0.9162848472812155,0.0006797199999999334,10.040249999999894,35.4291500329829,38.126534,,0.0,0.0020670999999998774,-7.602839950525358e-05,10.040354166666777,35.26805036247601,38.42024558425599,,0.0,0.0027484999999998205,2.998695158311656
B2c46,B2,4.8C(80%)-4.8C,503,False,False,False,False,4.8C(80%)-4.8C,0,1.0994728,,4.8,80.0,4.8,4.8,-4.598901212787357,-3.9542843850241685,0.0030566742088038693,2.67614894251111,7.188729340997085,-3.5775201350196184,-1.3109483427872188,-0.023034345464814664,-0.0010045065474829533,-1.275978928717181,0.0009040499999999773,10.169698333333509,29.646868192634077,30.855712094569252,,0.0,0.003501699999999941,1.733028324057265e-05,10.169789166667034,29.8834085867667,31.867259462197975,,0.0,0.0076080999999998955,2.7015679850559273
B3c0,B3,5C(67%)-4C-newstructure,1009,False,False,False,True,5C(67%)-4C,1,1.0682849,0.015365343,5.0,67.0,4.0,4.804804804804805,-6.972009092299684,-4.613905344093752,0.0003769985386852438,1.3786213296961185,0.9564595409186691,-4.232672662805281,-1.6271699798394041,-0.010361030246008833,-0.18675345575722668,-1.1863457991117574,0.000377549999999933,10.042381666666673,32.06734965095429,33.40396401926802,0.01530217,-6.31729999999997e-05,0.0011300999999999117,-7.712373531231587e-06,10.04235750000007,32.19482313181547,33.974361,0.015180224,-9.190799999999992e-05,0.0030862999999998753,3.0038911662369103
B3c1,B3,5.3C(54%)-4C-newstructure,1063,False,False,False,True,5.3C(54%)-4C,1,1.0661838,0.015124749,5.3,54.0,4.0,4.7936687394007915,-6.794594208856223,-3.6703408052756488,0.0001720890338218597,1.8135361988244758,2.4584337477008527,-4.248604843132753,-1.6373142109052816,-0.00997993894269913,-0.2632601355085377,-1.1465173691964738,0.00042649000000006366,10.040883333333234,34.6213826607083,37.733154,0.015046006,-7.874299999999917e-05,0.001262199999999991,-1.7147435992576345e-05,10.04128166666657,34.83307348861925,38.707848,0.014931546,-7.050399999999901e-05,0.002556100000000061,3.0265332645232967
B3c3,B3,5.6C(36%)-4.3C-newstructure,1115,False,False,False,True,5.6C(36%)-4.3C,1,1.0632294,0.014963119,5.6,36.0,4.3,4.8015952143569285,-5.898136344067161,-2.314987470318586,-0.0007245878702492183,-2.138865257424516,3.7959092135098507,-4.119550954352129,-1.5661764820919957,-0.01107111136490116,-0.46496289557344284,-1.0182358646191776,0.0004723400000000035,10.042306666666748,36.20422852911899,40.076626,0.014933085,6.759000000000279e-06,0.001317900000000094,-1.4383786023501029e-05,10.041339999999522,36.084036704623756,40.076626,0.014885032,8.565599999999993e-05,0.0023048000000001068,3.0472748673841794
B3c4,B3,5.6C(19%)-4.6C-newstructure,1048,False,False,False,True,5.6C(19%)-4.6C,1,1.0730443,0.015215214,5.6,19.0,4.6,4.803729603729602,-6.99546736791392,-3.7171355817680074,0.0005524944304380814,0.8812976322090141,0.5373667374343221,-4.191086917521082,-1.6104092229980247,-0.010137369702981134,-0.3992593678426609,-1.1175252755089269,0.00035568999999992853,10.045296666666642,32.01643745928597,33.00009089900319,0.015172306,-4.290799999999949e-05,0.0010601999999999556,-6.967593073596309e-06,10.0457375000003,32.116985091619384,33.39357830787951,0.015085269,-3.382499999999948e-05,0.0022206999999998533,3.0203612826477078
B3c5,B3,5.6C(36%)-4.3C-newstructure,828,False,False,False,True,5.6C(36%)-4.3C,1,1.0520495,0.015337874,5.6,36.0,4.3,4.8015952143569285,-6.787790647631906,-3.719766412181726,6.851658853491613e-05,3.242706456716821,10.374676524454364,-4.096562812015636,-1.5800066294471036,-0.012057247975660587,-0.15360267363145677,-1.2852366027363327,0.00045238999999999875,10.042009999999815,35.221533137647775,39.43151276978417,0.015308013,-2.9860999999999083e-05,0.0013606999999999925,-1.787133085961685e-05,10.042023333333297,35.56830565364878,40.19554382518285,0.015130546,-0.00012136699999999896,0.0020062999999999054,2.9180303367848803
B3c6,B3,3.7C(31%)-5.9C-newstructure,667,False,False,False,True,3.7C(31%)-5.9C,1,1.0629802,0.013534418,3.7,31.0,5.9,4.795167490389896,-6.549998538144467,-3.4049755167141904,0.00010373404658770927,3.245627100579992,11.185093745905075,-3.516391238108188,-1.2682036583206473,-0.02897418890382754,0.4736154870227014,-0.8745112223668996,1.3429999999976663e-05,10.062440000000061,34.02715888857246,36.766792,0.013527169,1.3474000000001166e-05,9.140000000007475e-05,-0.0002031097625231874,10.078124166666626,34.1061124072146,37.461433,0.013527169,0.0003177509999999998,9.140000000007475e-05,2.824125833916549
B3c7,B3,4.8C(80%)-4.8C-newstructure,1836,False,False,False,True,4.8C(80%)-4.8C,1,1.0682656,0.015507092,4.8,80.0,4.8,4.8,-6.352842601826432,-3.9929654465752322,0.0006053803125950143,1.39434610717339,1.0118936802522578,-4.487421812361014,-1.7660246318906991,-0.007008369896460721,-0.31655733990633544,-1.1715133068494883,0.00037242999999999695,11.037688333333305,32.671158052672965,34.182920431298854,0.015465212,-3.999900000000063e-05,0.0011664000000000119,-4.4526283240569725e-06,11.03865666666631,32.79656684710692,34.60008198094648,0.015372629,-1.6195000000000098e-05,0.002653400000000028,3.2638726768652235
B3c8,B3,5C(67%)-4C-newstructure,828,False,False,False,True,5C(67%)-4C,1,1.0656182,0.015400618,5.0,67.0,4.0,4.804804804804805,-6.467348027763189,-3.9083189985580664,0.00048377445348737815,1.2528754495244134,0.15493000465985807,-4.109640654356949,-1.5703403508022213,-0.011891476669026896,-0.19727217699029784,-1.2429268812025023,0.00044279999999991367,10.044031666666706,32.89132189085173,34.819587654813304,0.015341608,-5.9009999999999965e-05,0.0013562000000000296,-5.9382931354366495e-06,10.043134999999893,33.05632492808374,35.5458971642776,0.01520093,-0.0001338750000000003,0.0030961999999998824,2.9180303367848803
B3c9,B3,5.3C(54%)-4C-newstructure,1039,False,False,False,True,5.3C(54%)-4C,1,1.0703384,0.015871447,5.3,54.0,4.0,4.7936687394007915,-6.329055799242047,-4.102269493852258,0.0008942723237545069,1.2070701010272542,0.5544692443742845,-3.9939576101373704,-1.53077956665048,-0.014359746653350533,-0.03277846944917191,-1.3142089421090284,0.0004954400000000567,10.041879999999946,32.95909147264395,34.908264,0.015834689,-3.675800000000132e-05,0.0014794000000000196,-1.6851985157760823e-06,10.041683333333154,33.08784968375759,35.6854391223452,0.015742281,4.6879999999992206e-06,0.0030322999999998768,3.016615547557177
B3c10,B3,4.8C(80%)-4.8C-newstructure,1078,False,False,False,True,4.8C(80%)-4.8C,1,1.0624784,0.015506446,4.8,80.0,4.8,4.8,-6.200717810287098,-3.697794726713643,0.0004747856633120929,1.4678680364702221,0.8452730249011111,-4.4099246067294215,-1.7182628092520935,-0.008304216761456693,-0.22796675816152737,-1.1792599794469931,0.00037373999999990975,11.038979999999961,32.42575346239348,34.659065,0.015454001,-5.244499999999992e-05,0.0011843999999998633,-4.941797155222864e-06,11.038147499999953,32.53381971318062,35.20887742320281,0.015318613,-8.700900000000074e-05,0.0025223999999999247,3.03261876085072
B3c11,B3,5.6C(19%)-4.6C-newstructure,817,False,False,False,True,5.6C(19%)-4.6C,1,1.0686512,0.015588941,5.6,19.0,4.6,4.803729603729602,-6.237501120523584,-5.125403696949884,0.0006346826887592011,1.60041558200905,1.2582691668369703,-3.896726877988431,-1.4717263025529188,-0.015491678732925342,-0.12595890276774158,-1.2528768024787007,0.0003676900000000052,10.042211666666601,34.03543598323779,37.277306,0.01555874,-3.0201000000000533e-05,0.0010860000000001424,-1.9710200371053384e-05,10.042732499999694,34.2044203547161,38.22832463770115,0.015485173,-3.039399999999956e-05,0.0021094999999999864,2.9122220565324155
B3c12,B3,5.6C(36%)-4.3C-newstructure,932,False,False,False,True,5.6C(36%)-4.3C,1,1.0748765,0.016102511,5.6,36.0,4.3,4.8015952143569285,-6.457473452451727,-3.7888172590275326,0.0007616551140461332,1.618548214905583,1.63475401163356,-3.9398583422941527,-1.494952254717381,-0.015461101278957166,0.006490341937428591,-1.2758881070586117,0.00038359999999992817,10.042584999999963,33.06535077601435,35.260562438314984,0.016078373,-2.1844999999999504e-05,0.001155500000000087,-8.494218923929515e-06,10.04236416666657,33.22103040839723,36.11585579982815,0.01599754,1.3196999999999515e-05,0.002066499999999971,2.9694159123539814
B3c13,B3,5.6C(19%)-4.6C-newstructure,816,False,False,False,True,5.6C(19%)-4.6C,1,1.0665193,0.015215794,5.6,19.0,4.6,4.803729603729602,-6.552474906314943,-4.900474392835556,0.0006104182476974134,1.1745022509916436,0.40941822474181144,-4.090024042413784,-1.5566671904854605,-0.011824428990222553,-0.23712854400837696,-1.1807143428309959,0.00045423000000004377,10.041723333333357,33.943357124250625,37.013587778234246,0.015181974,-3.381999999999864e-05,0.0013783000000000545,-1.5050627087198855e-05,10.042306666666263,34.11909288845744,37.93616390312856,0.01506449,-0.00011566099999999954,0.003125400000000056,2.9116901587538613
B3c14,B3,5.6C(36%)-4.3C-newstructure,858,False,False,False,True,5.6C(36%)-4.3C,1,1.0742604,0.015640222,5.6,36.0,4.3,4.8015952143569285,-6.7103943742885965,-4.5035475603726045,0.0004723359956763727,1.6664684549611397,1.5962243617823875,-4.01536433554015,-1.533261333803243,-0.013256833806419097,-0.1839024521756024,-1.2897513384868775,0.0004299300000000282,10.041553333333287,33.00332593319148,35.283916,0.015606318,-3.371199999999824e-05,0.0012532000000000654,1.56588002473444e-06,10.041874999999951,33.11949225878458,36.101499457512425,0.015496999,-4.047699999999883e-05,0.003483799999999926,2.9334872878487053
B3c15,B3,5.9C(15%)-4.6C-newstructure,876,False,False,False,True,5.9C(15%)-4.6C,1,1.0689965,0.015394726,5.9,15.0,4.6,4.798232044198895,-7.120558051191183,-4.16908005749425,0.00034053363003192926,0.424269036059349,-0.26502634991339225,-3.991596264415281,-1.522449033470844,-0.013797941013787908,-0.12916754832316857,-1.2850690313351478,0.0004699000000000831,10.04166833333317,33.324007399317416,36.404924665517385,0.015353423,-4.130299999999948e-05,0.0013655000000001305,-1.3653818181820065e-05,10.041699999999885,33.51038508798044,37.344582,0.01525728,-5.741199999999974e-05,0.002280900000000141,2.9425041061680806
B3c16,B3,4.8C(80%)-4.8C-newstructure,1638,False,False,False,True,4.8C(80%)-4.8C,1,1.0615807,0.015429413,4.8,80.0,4.8,4.8,-7.496731198691968,-3.840315681600836,7.989569816326812e-05,1.8562671936016535,5.2916173645881415,-4.684958313199335,-1.8585439951250575,-0.005601489658137728,-0.1203876013091073,-0.9834876467584532,0.0004699599999999407,11.041133333333224,34.79973101694539,37.752055078548764,0.015378835,-5.057799999999904e-05,0.0014345000000000052,-1.184580333951728e-05,11.040194166666577,34.941388803000685,38.21816186151848,0.015253145,-9.500200000000028e-05,0.0027592000000000727,3.2143138974244
B3c17,B3,5.3C(54%)-4C-newstructure,1315,False,False,False,True,5.3C(54%)-4C,1,1.0671474,0.015513433,5.3,54.0,4.0,4.7936687394007915,-7.542777888802068,-3.4997371333684164,0.00020270536844320278,-0.6608644293232898,-0.729456524978302,-4.4347635453947625,-1.735318851227462,-0.007650239750836247,-0.03615367810342518,-0.9197597804487097,0.00043282999999991455,10.041936666666636,34.81625489773897,37.1052086332761,0.015467618,-4.527399999999966e-05,0.0013478999999998464,-6.589904761906113e-06,10.042461666666107,35.07777992853298,38.138309,0.01535425,-0.0001375230000000005,0.0019035999999998943,3.1189257528257768
B3c18,B3,5.6C(19%)-4.6C-newstructure,1146,False,False,False,True,5.6C(19%)-4.6C,1,1.0685793,0.01508653,5.6,19.0,4.6,4.803729603729602,-7.712166177593096,-3.3991811742579325,2.5426094958809208e-05,-0.0024114028052152304,1.9477006515709627,-4.2361408052733385,-1.6267304723034561,-0.010360596618329321,-0.2135996549917343,-1.0650985385563525,0.0003533700000000859,10.04294000000009,35.09512653042422,37.82049796772133,0.015043817,-4.2713000000001514e-05,0.0010412000000001864,-3.090710327768217e-05,10.0431541666665,35.29274081947649,38.518787,0.014978203,-3.778700000000093e-05,0.0015745000000000342,3.059184617631371
B3c19,B3,5.6C(36%)-4.3C-newstructure,1155,False,False,False,True,5.6C(36%)-4.3C,1,1.0726638,0.015528331,5.6,36.0,4.3,4.8015952143569285,-7.7839424311259195,-3.2449884708492753,3.153524219099893e-05,-1.9008766661625816,5.088135090394745,-4.152025460836121,-1.5878423810589701,-0.011824291588573566,-0.11945875207062093,-1.116976402393648,0.00025374999999999546,10.043493333333268,34.911019222823576,37.66242184323021,0.015478654,-4.967699999999971e-05,0.0007700999999999958,-3.130614471243411e-05,10.043319166666699,35.099409751093454,38.401493,0.015178323,-1.4333000000000054e-05,0.0012358999999999565,3.062581984228163
B3c20,B3,5C(67%)-4C-newstructure,813,False,False,False,True,5C(67%)-4C,1,1.065752,0.015375497,5.0,67.0,4.0,4.804804804804805,-6.185264352816379,-5.512435675244384,0.0007596829367938641,1.3699674506796957,0.5290425471566294,-4.096326956205182,-1.5629790396007919,-0.01171317442923313,-0.31101567790824086,-1.1725624472133143,0.0003605399999998707,10.043496666666519,32.953724407690764,35.498476433848055,0.015306232,-6.926500000000065e-05,0.00113389999999991,-9.242116264692154e-06,10.043170833333473,33.10183351242878,36.232254,0.015206913,-5.008899999999969e-05,0.0023588999999999416,2.910090545594068
B3c21,B3,3.7C(31%)-5.9C-newstructure,772,False,False,False,True,3.7C(31%)-5.9C,1,1.0680218,0.01394002,3.7,31.0,5.9,4.795167490389896,-7.327723181930898,-3.172581566514624,-5.6562250660210746e-05,1.8684540790885882,7.630453254688524,-3.69302296781005,-1.3556601321773505,-0.02380538987848212,0.5049050540068984,-0.8416938334814486,0.00012757999999997145,10.066555000000031,34.61334151634364,37.824558,0.01394002,1.346700000000138e-05,0.00037020000000009823,-0.0001608378342609861,10.07604999999991,34.902829442619414,38.317612,0.01394002,0.0002502920000000009,0.0006749000000001448,2.887617300335736
B3c22,B3,5.9C(60%)-3.1C-newstructure,1002,False,False,False,True,5.9C(60%)-3.1C,1,1.0569252,0.015827237,5.9,60.0,3.1,4.813157894736842,-7.570263733708197,-3.23845741912982,-1.1334452025923842e-06,-1.076514150532667,1.4126767968133285,-4.045689718369744,-1.5490311248967303,-0.013700045103918675,0.08393697946789667,-1.2600370342562799,0.00036887999999996106,10.04348333333328,34.399480548580954,37.420742,0.01575698,-7.025700000000065e-05,0.0011546000000000056,-1.795508596165378e-05,10.042913333333368,34.612572089406115,37.97354076473168,0.015614755,-9.39910000000016e-05,0.0021837000000000106,3.0008677215312267
B3c24,B3,5C(67%)-4C-newstructure,825,False,False,False,True,5C(67%)-4C,1,1.0472243,0.015731094,5.0,67.0,4.0,4.804804804804805,-7.137714176691555,-5.1213636801381766,0.0003766748202626269,1.0025790688615943,1.8442862841318313,-4.126906961197384,-1.5950004935511537,-0.010671453504223763,-0.3168711409929122,-1.2730145609387244,0.0005719299999999839,10.042218333333343,34.57283272408033,37.042282,0.015672557,-5.8537000000000866e-05,0.0017513999999998475,6.821996289424382e-06,10.041884166666568,34.68766942275743,37.871063,0.01550305,-0.00013218800000000183,0.0039045999999998138,2.916453948549925
B3c25,B3,5.3C(54%)-4C-newstructure,989,False,False,False,True,5.3C(54%)-4C,1,1.061978,0.015714951,5.3,54.0,4.0,4.7936687394007915,-7.552246758363904,-4.077787349941579,0.00011427137426063381,3.682530638302681,15.656739324578261,-4.131881674898488,-1.5705431219728667,-0.011289671812250735,-0.3255463337884411,-1.1112958002231854,0.00045881999999987784,10.041338333333261,35.43878951150013,38.604427,0.015671602,-4.334900000000155e-05,0.0013748999999998457,4.4196536796473166e-06,10.042452500000218,35.58270650021337,39.595110804534556,0.015591009,-1.125000000001125e-06,0.0034924999999998985,2.9951962915971793
B3c26,B3,5.6C(19%)-4.6C-newstructure,1028,False,False,False,True,5.6C(19%)-4.6C,1,1.0725763,0.015663978,5.6,19.0,4.6,4.803729603729602,-7.6198803338461,-4.861106234453792,0.00033074826472642027,-0.2202244802596621,-0.1566649453506912,-4.2092593997088175,-1.6098086948768415,-0.010425536465982538,-0.31103342410468127,-1.0824550820707708,0.0005421799999999391,10.041728333333351,35.55869678318752,38.848377,0.015623925,-4.005299999999823e-05,0.001561400000000157,-2.750133580707493e-06,10.04231666666698,35.74650690899303,39.786995,0.015538619,-2.0740999999997733e-05,0.003233200000000158,3.011993114659257
B3c27,B3,5.6C(36%)-4.3C-newstructure,850,False,False,False,True,5.6C(36%)-4.3C,1,1.0613309,0.015035553,5.6,36.0,4.3,4.8015952143569285,-7.357444681878133,-4.448640357171837,0.00020782429623305676,3.1881643065912844,12.850180245723964,-4.110813329369719,-1.5643296999051237,-0.011240992834693573,-0.33282569455991384,-1.1391087082302551,0.00047296999999995877,10.044893333333311,35.15977181916494,38.21135218612353,0.014967376,-6.817700000000086e-05,0.001443499999999931,-6.707375386521463e-06,10.044954999999996,35.30900923744303,38.98098,0.014868693,-5.7365000000000194e-05,0.003121700000000116,2.929418925714293
B3c28,B3,3.7C(31%)-5.9C-newstructure,541,False,False,False,True,3.7C(31%)-5.9C,0,1.0522791,0.013179183,3.7,31.0,5.9,4.795167490389896,-6.897366680599664,-3.2379653817828067,-0.00018762119567463506,3.0351584805465492,10.36976344648679,-3.4413421693731294,-1.2343548598227947,-0.030321343958742128,0.28365287460596084,-0.9909582248733639,0.00013163999999994528,10.059713333333397,35.434518251670156,39.56024533583506,0.013169404,1.1070000000000177e-05,0.0004193999999999587,-0.00020002871985157,10.083679166666844,35.699248163083986,39.85648636436463,0.013169404,0.0004280099999999995,0.0004193999999999587,2.7331972651065692
B3c29,B3,5.9C(15%)-4.6C-newstructure,858,False,False,False,True,5.9C(15%)-4.6C,1,1.067315,0.014943414,5.9,15.0,4.6,4.798232044198895,-7.596040837981377,-5.338649042819417,0.0002750526018554054,-0.046112154807972816,0.6976111966881176,-4.050036075664458,-1.5430806300852127,-0.011979996222706464,-0.30811969512138304,-1.203739597217476,0.0005433699999999252,10.041884999999942,31.199131173971956,31.723620496649367,0.01491602,-2.739400000000003e-05,0.0016068000000000193,9.434656771764777e-07,10.041574166666638,31.26173669534343,31.999889,0.014745088,-0.00013812700000000004,0.0038857999999999393,2.9334872878487053
B3c30,B3,5.3C(54%)-4C-newstructure,935,False,False,False,True,5.3C(54%)-4C,1,1.0696324,0.015687417,5.3,54.0,4.0,4.7936687394007915,-6.661625374823268,-3.972551215614474,0.0007210032206629542,0.9679097843284211,0.006226573149985981,-4.143468426315687,-1.5856105635743816,-0.010985321279537448,-0.3271086974531235,-1.1339655214970952,0.00041654000000001704,10.043756666666741,32.132607745856546,33.84727471619303,0.015622017,-6.539999999999845e-05,0.0012632999999999672,-5.696237476807983e-06,10.043574999999691,32.2429567877724,34.756857996430846,0.015509814,-6.367999999999825e-05,0.0027074000000000265,2.9708116108725178
B3c31,B3,5.9C(60%)-3.1C-newstructure,731,False,False,False,True,5.9C(60%)-3.1C,1,1.0689309,0.015939154,5.9,60.0,3.1,4.813157894736842,-7.936143453756522,-3.562444869235332,4.859917710656574e-05,1.0760522192575335,3.386307531069046,-3.823472128504606,-1.4406933481569062,-0.016873531673920205,-0.09722324757314775,-1.307164225143917,0.0004321700000000002,10.047026666666836,33.89863150190969,36.73256218492086,0.015887896,-4.5583000000001817e-05,0.001281099999999924,-1.1231934446511053e-05,10.045898333333511,33.99997485937944,37.242977,0.015812302,2.34169999999978e-05,0.002710800000000013,2.8639173769578603
B3c33,B3,5C(67%)-4C-newstructure,1284,False,False,False,True,5C(67%)-4C,1,1.0607876,0.015512635,5.0,67.0,4.0,4.804804804804805,-7.170781768346701,-3.2308580589857834,0.0003207336954211356,1.2681068697581916,4.836792901662135,-4.370589515925665,-1.6877564311358375,-0.008340990424175316,-0.3838451954875736,-1.0364521706953245,0.00040509999999997114,10.043493333333268,32.96644684727077,34.254642,0.015406885,-0.00010574999999999994,0.0012281999999999016,-1.4552805194805473e-05,10.043292499999856,33.10756252927626,34.695709,0.015279103,-0.00013942800000000047,0.0021287999999999307,3.1085650237328344
B3c34,B3,5.3C(54%)-4C-newstructure,1158,False,False,False,True,5.3C(54%)-4C,1,1.0620755,0.015394062,5.3,54.0,4.0,4.7936687394007915,-7.490392362723329,-3.1995287919864364,0.00017741741128334706,-0.4922010325759838,0.2705141357049041,-4.293400663403529,-1.6617242734533288,-0.009692176710479363,-0.16659441081370607,-1.1554688551312442,0.00047469000000007703,10.044100000000132,35.57983741799527,38.795208,0.015346847,-1.446400000000049e-05,0.0013993000000001032,-2.3210606060605506e-05,10.043918333333325,35.78080830041502,39.49040963165045,0.015220164,-2.5795999999999805e-05,0.0022025999999999435,3.0637085593914173
B3c35,B3,5.6C(19%)-4.6C-newstructure,1093,False,False,False,True,5.6C(19%)-4.6C,1,1.0637906,0.015479395,5.6,19.0,4.6,4.803729603729602,-7.3684897133904705,-3.116443355265621,8.603866997753337e-06,2.437602459937126,10.933803602834598,-4.218237357481185,-1.6283715762403852,-0.010091311126269481,-0.2959521630119299,-1.1420949863322543,0.00027059000000006833,10.042948333333333,35.310724156765176,38.370171,0.015415231,-6.416400000000023e-05,0.0008647999999999989,-2.1024583797150966e-05,10.043584166666308,35.53446445094124,39.086731,0.015308049,-6.126799999999974e-05,0.0016392000000000628,3.038620161949703
B3c36,B3,5.6C(36%)-4.3C-newstructure,923,False,False,False,True,5.6C(36%)-4.3C,1,1.0580546,0.015275053,5.6,36.0,4.3,4.8015952143569285,-7.14293465844631,-3.324589951914739,0.00019295223422220563,2.1531011853305793,8.384803272862685,-4.236705340009495,-1.6274086403197767,-0.010235954136064079,-0.21989800705842422,-1.114664648639003,0.0003819399999999395,10.0436500000001,35.71145585398769,39.17541812723602,0.015192797,-8.225600000000104e-05,0.0011868999999999907,-2.409794063078882e-05,10.043481666666413,35.88030655669236,39.893036,0.015083324,-8.211600000000013e-05,0.002550199999999947,2.965201701025912
B3c38,B3,5C(67%)-4C-newstructure,1935,False,False,False,True,5C(67%)-4C,1,1.0708532,0.015961975,5.0,67.0,4.0,4.804804804804805,-7.666947621417501,-3.4391465835757056,4.558773869123417e-05,1.9946320073180313,6.57320791542516,-4.336641385857311,-1.6846148377511914,-0.009244814965535536,-0.056939847084541355,-1.1901372561238346,0.0003189399999999977,10.043610000000141,34.51163562768519,37.51201168911029,0.015907407,-4.457299999999914e-05,0.0009692000000001144,-1.048126283240385e-05,10.043544999999964,34.74679896380531,38.268311,0.015742945,-8.529100000000123e-05,0.0018034000000000106,3.28668096935493
B3c39,B3,5.3C(54%)-4C-newstructure,1156,False,False,False,True,5.3C(54%)-4C,1,1.048004,0.015716039,5.3,54.0,4.0,4.7936687394007915,-7.015388750349357,-3.599759742549217,0.0002392714694735862,3.200896583672174,10.932414436971433,-4.443138111354001,-1.75103494038074,-0.006553531138097046,-0.2986549867570685,-1.0598844115073323,0.0004412199999999769,10.043956666666782,33.796538010797114,35.97841182648848,0.015579231,-0.00013680800000000042,0.0013248999999999622,-9.25965491650706e-06,10.043544999999964,33.88807437321236,36.491322,0.015480768,-0.000141355000000001,0.0035066000000001374,3.0629578340845103
B3c40,B3,5.6C(19%)-4.6C-newstructure,796,False,False,False,True,5.6C(19%)-4.6C,1,1.0598956,0.015549388,5.6,19.0,4.6,4.803729603729602,-6.254106200119722,-4.417431037707431,0.0007208581833040332,1.3859763430927379,0.8544211726229358,-4.309705344735928,-1.6553691900548495,-0.009131534049278437,-0.3310993539886821,-1.0529686986563336,0.0006568499999999085,10.043659999999848,33.73797934190726,37.143351351497984,0.015502222,-4.716600000000126e-05,0.0020388000000000073,-1.069565862709225e-05,10.043499166666393,34.05593476554544,38.358112,0.015254971,-0.00021362500000000027,0.003937900000000161,2.900913067737669
B3c41,B3,5.6C(36%)-4.3C-newstructure,786,False,False,False,True,5.6C(36%)-4.3C,1,1.0514336,0.018510165,5.6,36.0,4.3,4.8015952143569285,-6.837275535201257,-3.162181772126921,0.00019365710007683627,2.2231510612588643,8.501949163698173,-4.199349675388194,-1.6088129682027832,-0.010101988757843598,-0.3079497374251733,-1.097186282764879,0.00046957999999990577,10.043064999999963,33.48402732973785,36.37577341631561,0.018432103,-7.806200000000027e-05,0.0014008999999999272,7.173393939398346e-06,10.043069999999958,33.64043560525222,37.245838,0.017006677,-0.0001418410000000002,0.00345020000000007,2.895422546039408
B3c44,B3,5.3C(54%)-4C-newstructure,940,False,False,False,True,5.3C(54%)-4C,1,1.0703323,0.015682839,5.3,54.0,4.0,4.7936687394007915,-7.383653672629499,-6.129170896048144,0.0003668521268817603,-0.5761730756150767,-0.9110912363615697,-4.133080792014577,-1.5846520568879627,-0.011334357248123726,-0.21614312522428722,-1.2307585410502364,0.0005287300000000099,10.043518333333244,33.23018557737882,36.097667577581895,0.015626056,-5.678300000000122e-05,0.001578199999999974,2.211435992577966e-06,10.043405833332994,33.351623031705756,36.881859,0.01551657,-6.718900000000048e-05,0.003572600000000037,2.9731278535996988
B3c45,B3,4.8C(80%)-4.8C-newstructure,1801,False,False,False,True,4.8C(80%)-4.8C,1,1.0701143,0.015711647,4.8,80.0,4.8,4.8,-6.3600724786837235,-4.203134331016752,0.0007450155669318777,1.7556349190282639,2.4056736740438636,-4.505414004543061,-1.7711676750484417,-0.007325925453890356,-0.32075301756410735,-1.1722516115695,0.00025884000000009333,11.037379999999878,32.56580774249357,34.548187,0.015674813,-3.683399999999948e-05,0.0007973000000001118,-1.6194483611657873e-06,11.037981666666747,32.725109779045624,35.085537,0.015557319,-5.0943999999997214e-05,0.0020303999999999878,3.2555137128195333
