model,feature_set,split,n,n_short,f1,accuracy,macro_f1,short_recall,mape,spearman,auc,note
ElasticNet → 550,core,Train (B1 CV),7.0,0.2,0.9818,0.9667,0.4909,0.0,7.666,0.6714,0.8,
ElasticNet → 550,core,Valid (B1 Hold-out),11.0,0.0,1.0,1.0,0.5,,11.1477,0.3333,,
ElasticNet → 550,core,Test (B2),39.0,30.0,0.45,0.4359,0.4355,0.2667,28.6388,0.7163,1.0,
ElasticNet → 550,core,Test (B3),40.0,1.0,0.9873,0.975,0.4937,0.0,11.9173,0.7647,1.0,
단일 피처 선형회귀 → 550,core,Train (B1 CV),7.0,0.2,0.9818,0.9667,0.4909,0.0,7.603,0.6714,0.8,
단일 피처 선형회귀 → 550,core,Valid (B1 Hold-out),11.0,0.0,1.0,1.0,0.5,,11.1861,0.3333,,
단일 피처 선형회귀 → 550,core,Test (B2),39.0,30.0,0.45,0.4359,0.4355,0.2667,28.5938,0.7163,1.0,
단일 피처 선형회귀 → 550,core,Test (B3),40.0,1.0,0.9873,0.975,0.4937,0.0,11.9252,0.7647,1.0,
로지스틱 회귀 (balanced),core,Train (B1 CV),7.0,0.2,0.9132,0.85,0.4566,0.0,,,,1개 fold 학습 불가 (학습 fold 에 Short 없음)
로지스틱 회귀 (balanced),core,Valid (B1 Hold-out),11.0,0.0,1.0,1.0,0.5,,,,,
로지스틱 회귀 (balanced),core,Test (B2),39.0,30.0,0.72,0.8205,0.794,0.7667,,,1.0,
로지스틱 회귀 (balanced),core,Test (B3),40.0,1.0,0.987,0.975,0.8268,1.0,,,1.0,
RandomForest → 550,core,Train (B1 CV),7.0,0.2,0.9818,0.9667,0.4909,0.0,9.1559,0.771,0.9,
RandomForest → 550,core,Valid (B1 Hold-out),11.0,0.0,1.0,1.0,0.5,,11.3263,0.5714,,
RandomForest → 550,core,Test (B2),39.0,30.0,0.375,0.2308,0.1875,0.0,32.3357,0.7418,1.0,
RandomForest → 550,core,Test (B3),40.0,1.0,0.9873,0.975,0.4937,0.0,15.8067,0.3881,1.0,
전부 Long,-,Train (B1 CV),7.0,0.2,0.9818,0.9667,0.4909,0.0,,,,
전부 Long,-,Valid (B1 Hold-out),11.0,0.0,1.0,1.0,0.5,,,,,
전부 Long,-,Test (B2),39.0,30.0,0.375,0.2308,0.1875,0.0,,,,
전부 Long,-,Test (B3),40.0,1.0,0.9873,0.975,0.4937,0.0,,,,
ElasticNet → 550 [B1 단독 선별],b1_only,Train (B1 CV),7.0,0.2,0.9818,0.9667,0.4909,0.0,10.1725,0.5629,0.6,
ElasticNet → 550 [B1 단독 선별],b1_only,Valid (B1 Hold-out),11.0,0.0,1.0,1.0,0.5,,10.6065,0.3333,,
ElasticNet → 550 [B1 단독 선별],b1_only,Test (B2),39.0,30.0,0.4286,0.3846,0.381,0.2,29.3587,0.7168,1.0,
ElasticNet → 550 [B1 단독 선별],b1_only,Test (B3),40.0,1.0,0.9873,0.975,0.4937,0.0,11.7308,0.7639,1.0,
ElasticNet → 550 [5사이클 기준선],w5_baseline,Train (B1 CV),7.0,0.2,0.9818,0.9667,0.4909,0.0,19.6194,0.3232,0.6,
ElasticNet → 550 [5사이클 기준선],w5_baseline,Valid (B1 Hold-out),11.0,0.0,1.0,1.0,0.5,,9.4913,0.2143,,
ElasticNet → 550 [5사이클 기준선],w5_baseline,Test (B2),39.0,30.0,0.3404,0.2051,0.1702,0.0,64.7303,0.0474,0.2889,
ElasticNet → 550 [5사이클 기준선],w5_baseline,Test (B3),40.0,1.0,0.7419,0.6,0.4265,1.0,39.5465,0.1269,1.0,
